date,1,2,3A,3B,4,5,6,7,8,9,10,11,12,13,14,15,16,17,18,19,20,21,22,23,24
01/01/2016,16.39,16.04,15.74,NA,15.57,15.47,15.75,15.36,15.37,15.19,15.39,15.78,16.15,16.5,16.72,17.17,18,18.53,19.11,18.68,17.93,17.69,17.33,16.75,16.25
02/01/2016,16.47,15.89,15.03,NA,13.19,12.69,12.94,13.59,14.25,15.7,15.72,15.97,16.14,15.87,15.98,16.12,16.57,17.29,17.52,17.37,16.95,16.56,15.83,15.82,15.31
03/01/2016,15.99,15.87,15.76,NA,15.59,15.69,15.83,14.98,15.53,15.79,16.36,17.15,17.94,17.94,17.66,17.66,17.6,18.61,19.11,18.86,18.51,18.08,17.72,17.03,15.74
04/01/2016,15.96,15.81,15.56,NA,15.57,15.92,16.76,18.01,19.54,20.49,20.49,20.47,20.14,19.85,19.83,19.88,20.09,22.06,28.48,20.54,19.77,19.05,18.5,17.71,17.03
05/01/2016,17.68,17.33,17.24,NA,17.32,17.66,17.92,18.8,20.51,22.58,23.13,23.21,21.91,21.29,20.98,21.03,23.17,30.98,34.63,24.18,20.83,19.89,19.39,18.73,17.97
06/01/2016,20.02,19.63,19.33,NA,19.35,19.51,19.81,20.5,22.06,25.19,28.24,34.97,37.95,37.37,36.61,29.75,36.04,41.28,44.95,46.46,42.89,24.87,22.06,20.47,19.37
07/01/2016,22.61,21.75,21.5,NA,21.52,21.83,24.2,27.07,72.26,99.93,79.6,74.91,61.37,59.91,61.85,59.69,65.42,99.94,97.59,69.93,37.19,31.94,25.87,21.55,20.26
08/01/2016,21.06,20.16,19.78,NA,19.86,20.17,20.73,22.02,29.91,43.16,43.71,43.43,36.95,32.27,26.78,27.6,32.08,38.07,46.16,46.97,40.09,28.57,25.09,24.32,22.66
09/01/2016,24.51,23.44,22.79,NA,22.49,21.96,22.25,22.39,22.97,23.95,24.7,26.49,26.93,26.32,25.32,24.85,26.13,29.77,36.1,27.87,24.63,23.13,22.57,22.07,21.26
10/01/2016,21.32,19.93,19.65,NA,19.43,19.25,19.39,19.33,19.57,19.49,20.15,20.95,21.59,21.83,21.33,21.22,21.98,23.92,25.96,24.92,24.34,23.79,23.04,22.34,21.69
11/01/2016,21.37,20.04,19.78,NA,19.36,19.68,21.56,24.24,40.62,45.93,44,41.94,40.96,41.31,41.09,38.92,37.5,37.95,44.69,42.88,39.04,32.3,25.45,23.05,21.68
12/01/2016,21.11,19.81,19.1,NA,18.41,19,20.91,23.66,35.06,39.53,41,38.66,36.46,35,33.3,32.21,33,47.26,55.97,40.33,29.69,26.05,24.76,23.3,21.51
13/01/2016,21,19.66,18.72,NA,18.66,19.31,21.34,23.52,27.5,30.35,30.73,31.45,33.56,33.99,34.09,34.02,43.55,82.2,99.93,59.92,38.86,29.62,26.97,25.42,22.95
14/01/2016,23.51,22.58,22.22,NA,22.03,22.53,23.9,29.27,69.91,88.61,69.98,49.6,50.06,59.08,66.73,60.81,66.19,132.45,154.93,120.76,62.09,39.28,31.61,27.49,25.11
15/01/2016,24.58,24.04,23.28,NA,22.94,22.94,23.17,26.35,119.92,134.43,150.01,58,55.66,57.67,56.63,47.56,48.41,101.57,149.95,90.08,45.43,33.69,29.34,27.17,24.96
16/01/2016,26.49,25.7,24.84,NA,24.34,24.03,24.71,24.18,24.43,26.58,31.63,33.39,33.23,29.16,26.31,25.47,25.6,30.15,40.75,40.73,30.29,26.18,25.07,24.72,23.54
17/01/2016,21.88,20.25,20.76,NA,20.97,20.89,20.94,20.12,22.35,23.52,24.58,26.44,27.26,25.96,25.97,25.56,26.42,31.94,39.49,42.8,37.98,32.5,26.39,25.6,24.39
18/01/2016,23.96,23.47,23.56,NA,23.46,23.51,24.25,26.95,46.68,82.14,53.79,51.25,48.44,46.93,46.32,45.76,49.53,81.31,95.06,63.39,47.82,34.24,26.58,24.82,23.73
19/01/2016,24.53,23.6,23.32,NA,23.78,24.41,26.29,31.9,60.02,74.06,66.95,61.31,61.43,58.98,58.53,55.81,74.09,133.67,183.52,100.08,57.56,48.24,37.7,32.86,29.08
20/01/2016,26.05,25.55,25.79,NA,24.79,25.76,26.54,32.7,56.44,70.09,65.02,60.42,57.52,58.6,57.58,54.95,53.71,85.9,110.41,81.03,70.03,50.1,40.06,33.52,29.63
21/01/2016,29.65,27.82,26.65,NA,26.96,27.47,29.81,41.78,199.96,214.25,200,130.06,74.97,61.39,59.11,60.01,98.6,199.97,200.09,199.87,61.61,50.09,36.34,30.36,27.64
22/01/2016,27.37,27.25,26.14,NA,26.22,26.94,28.14,30.82,80.37,120.03,119.93,56.04,50.1,43.09,37.93,32.63,32.65,37.28,49.91,30.99,26.88,24.85,23.91,22.65,22.43
23/01/2016,21.94,21.75,21.64,NA,21.78,21.95,21.9,21.46,22.6,23.42,24.43,25.63,26.01,25.88,24.85,24.51,24.6,26.12,27.33,26.5,25.35,24.53,23.29,22.54,22.71
24/01/2016,21.78,20.94,20.71,NA,20.58,20.68,21.08,20.9,21.4,22.02,21.94,22.43,22.63,22.47,22.25,22.2,22.59,23.93,25.46,25.35,24.1,22.99,22.36,21.97,21.72
25/01/2016,20.07,19.65,19.68,NA,19.98,20.33,21.32,23.77,30.07,33.88,27.47,33.53,28.76,24.93,28.02,25.08,24.88,25.36,26.93,24.42,22.67,21.95,21.28,19.3,18.11
26/01/2016,16.96,16.42,15.9,NA,15.91,16.42,16.96,18.04,18.82,19.37,19.36,19.37,19.31,19.15,19.11,19.12,19.17,19.45,19.67,19.35,18.76,18.45,18.18,17.45,16.06
27/01/2016,14.72,3.18,0.05,NA,0.13,8.82,15.24,16.79,19.12,17.96,17.85,17.89,17.71,17.59,17.66,17.66,17.62,17.83,18.1,17.89,17.59,17.29,17.12,16.34,15.07
28/01/2016,14.5,12.83,12.88,NA,12.14,14.34,16.25,17.16,17.57,17.89,17.8,17.78,17.66,17.55,17.57,17.52,17.59,17.75,18.18,17.86,17.54,17.21,17.07,16.5,16.02
29/01/2016,16.06,15.61,15.35,NA,15.5,15.62,16.31,16.98,17.52,17.79,17.65,17.5,17.3,17.04,16.72,16.51,16.2,16.36,16.74,16.62,16.14,15.4,15.2,14.6,10.29
30/01/2016,14.08,8.82,4.9,NA,4.69,4.92,10.44,13.63,13.52,14.29,14.84,15.19,15.35,15.21,15.03,15.02,15.37,16.51,18.2,17.57,17.19,16.79,16.21,15.49,14.78
31/01/2016,15.46,3.04,5.09,NA,0.85,-0.27,2.12,15.73,15.76,15.73,16.02,16.25,16.45,16.42,16.27,16.17,16.41,17.23,20.3,18.47,18.35,18.03,17.61,17.48,16.45
01/02/2016,16.31,15.43,15.57,NA,15.74,16.28,17.48,20.71,26.3,35.1,21.24,19.71,18.9,18.59,18.39,18.17,17.97,18.09,18.44,18.12,17.77,17.35,16.52,16.01,15.35
02/02/2016,4.06,0.3,-0.02,NA,2.15,14.51,15.46,16.54,18.12,18.33,18.18,18.09,17.99,17.82,17.85,17.79,17.9,18.26,18.61,18.47,17.93,17.53,16.95,14.94,9.53
03/02/2016,13.75,11.58,8.09,NA,6.93,9.04,16.43,17.42,18.77,19.3,19.19,19.07,18.91,18.64,18.6,18.52,18.36,18.59,19.02,18.85,18.46,18,17.51,17.08,16.61
04/02/2016,16.76,16.38,15.99,NA,15.29,15.52,16.8,17.93,20.08,19.71,19.55,19.5,19.04,18.73,18.59,18.54,18.62,18.94,19.99,19.97,19.4,18.87,18.46,18.02,17.54
05/02/2016,17.73,17.6,17.58,NA,17.84,18.12,18.43,19.44,25.31,36.49,30.2,25.51,20.9,20.37,19.88,19.74,19.7,19.88,21.05,20.41,19.71,19.12,18.41,17.89,17.35
06/02/2016,17.02,16.19,16.01,NA,14.9,14.46,14.53,15.09,16.08,16.32,16.58,16.74,16.5,16.09,15.48,15.37,15.54,16.6,17.93,17.81,17.19,16.07,15.54,15.31,14.81
07/02/2016,14.47,13.86,13.6,NA,13.29,12.92,13.26,13.6,14.48,14.61,15.22,15.47,15.47,15.16,14.92,14.61,14.65,14.7,16.43,17.18,16.8,16.24,15.43,15.04,9.94
08/02/2016,10.15,7.99,5.24,NA,6.7,11.77,13.24,14.77,16.17,16.55,16.41,16.56,16.61,16.35,16.1,16.15,16.35,16.3,17.46,17.3,17.04,16.15,15.39,14.94,14
09/02/2016,-2.65,-0.71,-0.73,NA,-0.02,0.04,3.11,16.66,17.81,17.97,17.86,17.73,17.61,17.55,17.68,17.74,18.02,18.29,18.86,18.8,18.65,18.48,18.18,17.82,16.5
10/02/2016,16.39,16.03,16.03,NA,16.02,16.15,16.81,18.25,19.64,19.99,20.1,21.75,21.21,19.85,19.7,19.98,19.67,20.83,31.33,35.72,19.96,19.42,18.84,17.94,17.21
11/02/2016,17.72,17.46,16.91,NA,16.97,17.66,18.1,19.53,23.87,24.73,20.97,20.61,20.3,20.08,20.04,19.93,19.87,20.1,29.3,35.98,20.44,19.93,19.36,18.5,17.89
12/02/2016,17.93,17.73,17.63,NA,17.76,18,18.43,19.69,29.08,36.4,34.13,33.86,32.67,28.46,24.44,20.08,19.87,20.3,34.56,40.36,35.56,19.6,19.05,18.5,18
13/02/2016,18.42,18.07,17.79,NA,17.84,17.92,18.13,17.91,18.22,18.34,18.97,19.15,19.11,18.87,18.6,18.55,18.52,19.21,20.49,20.52,19.63,19.11,18.55,18.06,17.29
14/02/2016,17.14,16.77,16.55,NA,16.49,16.62,16.83,16.94,16.91,17.13,17.55,17.69,17.84,17.69,17.34,16.27,15.13,16.96,21.21,19.06,18.71,18.28,17.95,17.79,17.52
15/02/2016,17.13,16.53,15.97,NA,16.23,16.8,17.34,18.56,29.93,29.47,31.67,30.16,21.92,20.61,20.13,19.6,19.39,20.25,27.77,29.44,22.19,19.74,18.91,18.47,17.84
16/02/2016,18.22,18.14,18.09,NA,18.26,18.65,18.93,23.86,39.48,42.08,42.42,37.91,35.72,33.07,32.77,31.7,32.09,25.39,39.46,42.81,30.35,19.67,18.78,18.25,17.54
17/02/2016,17.42,17.19,17,NA,17.15,17.52,17.85,18.39,19.56,25.08,25.01,19.81,19.2,18.9,18.82,18.69,18.68,18.75,19.5,19.76,18.94,18.49,18.22,17.84,17.45
18/02/2016,17.94,18.09,18.1,NA,18.37,19.02,19.61,20.61,34.67,38.6,34.49,29.2,25.36,23.77,24.53,25.01,28.34,31.23,37.81,44,34.68,31.47,23.17,19.11,18.16
19/02/2016,18.49,18.16,18.13,NA,18.56,19.07,18.99,20.33,30.79,37.56,34.11,33.04,33,30.76,25.07,23.94,19.9,19.82,29.32,34.1,23.88,19.04,18.25,17.68,17.05
20/02/2016,17.71,16.82,11.54,NA,9.69,9.52,5.01,5.06,9.09,8.69,13.43,16.36,17,16.96,15.94,15.77,16.05,16.75,18.38,18.56,18.25,17.11,15.76,11.79,8.03
21/02/2016,9.37,6.52,5.09,NA,3.14,0.46,0.13,-0.05,8,15.91,16.64,16.82,16.66,16.53,15.96,15.77,15.67,15.85,17.31,18.61,18.2,17.46,16.82,16.05,15.33
22/02/2016,0.1,0.02,-0.92,NA,-0.06,0.04,17.44,18.05,20.16,20.53,20.4,20.17,19.91,19.58,19.28,19.07,19.23,19.57,20.27,20.42,20.11,19.34,18.75,18.2,17.68
23/02/2016,18.09,17.35,17.23,NA,17.47,17.83,19.09,19.9,21.06,21.82,21.21,20.93,20.74,20.7,20.63,20.43,20.24,20.37,20.96,21.34,20.79,20.23,19.5,18.9,17.9
24/02/2016,18.04,17.06,16.99,NA,17.09,17.86,18.92,20,21.29,21.62,21.44,21.27,21.04,20.85,20.61,20.52,20.52,20.68,21.34,22.03,21.41,21.1,20.46,19.53,18.83
25/02/2016,19.09,18.86,18.82,NA,19.03,19.46,20.82,21.56,35.18,38.25,34.44,31.35,29.71,25.92,25.39,24.4,24.19,24.78,31.16,38.95,35.08,25.91,21.2,20.26,19.15
26/02/2016,18.9,18.46,18.43,NA,18.6,19.34,20.29,20.97,26.61,35.21,32.68,30.92,25.92,24.56,21.03,20.77,20.56,20.76,25.96,38.64,25.92,20.83,20.26,19.69,19.07
27/02/2016,19.68,19.42,19.24,NA,19.13,19.19,19.52,19.61,19.7,19.91,19.94,20.02,19.84,19.49,19.18,19.05,19.09,19.4,19.86,25.16,19.98,19.68,19.32,19.2,18.79
28/02/2016,19.42,18.39,18.01,NA,17.96,17.88,18.03,18.09,18.16,18.4,19.02,19.04,19.02,18.32,18.19,18.04,17.94,18.16,19.48,24,24.49,20.67,19.72,19.79,19.54
29/02/2016,19.25,18.21,18.03,NA,18.01,18.4,19.76,24.28,34.56,32.96,27.99,24.92,23.48,22.22,21.67,21.47,21.71,22.03,25.94,33.22,30.46,21.21,20.01,19.65,18.83
01/03/2016,19.27,19.05,18.97,NA,19.03,19.32,19.77,19.99,24.08,30,24.07,24.07,24.02,19.98,19.86,19.76,19.65,19.65,19.86,24.03,19.78,19.48,19.09,18.29,17.16
02/03/2016,16.99,16.97,17,NA,17.04,17.38,18.1,19.2,22.53,24.65,24.09,25.01,25.03,25.04,25.17,25.09,25.07,25.09,31.23,39.04,35.98,25.21,20.59,19.87,19.32
03/03/2016,19.54,19.1,18.54,NA,18.08,18.7,19.96,23.88,30.19,31.04,30.94,30.57,31.17,29.35,29.79,29.34,30.23,30.22,32.06,41.69,32.47,25.44,25.01,20.53,19.78
04/03/2016,19.91,19.55,19.28,NA,19.1,19.08,20.18,21.44,30.97,33.16,29.32,26.69,23.78,22.48,21.78,21.39,21.36,21.28,25.05,25.28,21.34,21.04,20.67,20.14,19.73
05/03/2016,19.66,19.17,19.04,NA,18.96,18.88,19.01,19.12,19.83,20.32,20.88,21.07,20.99,20.78,20.23,19.93,19.91,20.52,20.96,21.36,21.11,20.61,20.41,19.93,19.52
06/03/2016,20.03,19.46,19.13,NA,18.69,18.58,18.83,18.65,18.78,19.28,19.99,20.26,20.51,20.01,19.15,18.84,18.83,19.19,20.57,22.83,21.87,21.13,20.94,20.3,19.59
07/03/2016,19.93,19.74,19.63,NA,19.51,19.79,21.01,21.49,24.18,25.71,28.65,27.57,25.68,25.18,24.91,24.22,22.9,23.34,29.91,32.95,28.55,25.06,21.78,21.22,20.82
08/03/2016,21.01,20.62,20.58,NA,20.66,20.98,21.55,23.64,32.96,37.75,34.14,28.61,25.42,25,24.64,24.21,24.49,25.05,32.31,35.03,32.54,25.03,22.97,21.38,20.7
09/03/2016,21.04,20.59,20.27,NA,20.08,20.01,21.14,22.27,25.09,29.2,25.03,23.43,23.85,22.28,21.96,22.16,22.5,24.23,26.05,37.84,26.08,23.37,22.27,21.58,21.01
10/03/2016,20.73,20.17,20.04,NA,20.16,20.94,21.73,23.48,25.56,31.23,29.33,24.95,24.38,24.67,24.38,24.06,24.03,24.03,24.98,26.78,25.47,24.23,23.36,22.17,21.23
11/03/2016,21.5,20.85,21.03,NA,21.06,21.75,22.39,24.48,34.47,38.34,36.69,32.91,31.98,29.81,26.38,24.74,24.32,24.28,27.23,32.55,32.43,24.34,24.42,23.23,22.07
12/03/2016,22.47,22.33,22.28,NA,22.28,22.4,22.67,22.72,22.86,23.47,24.79,24.79,24.29,23.03,22.48,22.28,22.23,22.38,23.95,25.94,24.36,22.73,22.67,22.62,22.39
13/03/2016,22.46,22.11,21.67,NA,21.05,21.12,21.47,21.33,21.6,21.84,22.08,22.17,22.09,21.59,20.91,20.75,20.74,21.23,22.01,24.16,23.88,22.8,22.44,22.36,22.08
14/03/2016,21.17,20.59,20.22,NA,20.25,20.83,21.92,23.18,34.58,34.95,30.99,28.82,23.97,23.26,22.84,22.55,22.49,24.2,29.98,38.53,29.42,23.95,22.25,22.02,21.1
15/03/2016,20.6,20.26,20.33,NA,20.24,20.86,21.86,22.4,24.88,35.52,35.09,35.23,25.6,24.9,22.95,22.56,22.33,22.25,24.84,31.14,33.31,25.51,22.29,21.92,20.95
16/03/2016,20.71,20.42,20.27,NA,20.06,20.49,21.59,22.38,33.13,32.2,24.42,22.48,22.43,22.16,21.85,21.9,21.79,23.1,29.2,34.74,25.91,31.08,21.99,21.37,20.58
17/03/2016,20.69,20.17,20.28,NA,20.56,21.09,22.06,22.4,23.7,34.13,25.36,23.11,22.87,22.38,22.2,22.15,22.07,22.16,24.49,37.88,30.38,22.29,22.11,21.62,20.92
18/03/2016,20.31,19.47,19.49,NA,19.67,20.14,21.58,22.16,22.82,29.22,22.96,22.43,22.37,22.18,22.01,22.02,22.02,22.07,22.26,25.46,25.44,22.38,22.13,21.75,21.12
19/03/2016,21.31,21.16,21.14,NA,21.26,21.3,21.52,21.59,21.76,21.84,22.28,22.13,21.89,21.45,21.13,20.65,20.42,20.79,21.7,22.2,22.2,21.72,21.53,21.31,20.71
20/03/2016,20.17,19.68,19.37,NA,19.25,19.36,19.64,19.74,19.69,19.92,20.3,20.59,20.66,20.52,20.21,20.15,20.14,20.05,20.57,21.99,22.19,21.86,21.54,21.27,20.33
21/03/2016,20.29,19.9,19.79,NA,19.9,20.4,21.33,21.68,22.11,22.32,22.22,22.16,22,21.84,21.72,21.57,21.55,21.56,21.88,22.19,22.25,22.07,21.85,21.58,20.9
22/03/2016,20.33,20.08,20.05,NA,20.47,21,21.49,21.71,22.24,26.79,25.63,24.47,23.09,22.53,22.32,22.08,22.13,21.76,21.96,22.17,22.23,22.12,21.93,21.41,20.91
23/03/2016,20.89,20.51,20.26,NA,20.56,20.87,21.23,21.6,21.94,25.25,22.06,21.98,21.89,21.72,21.64,21.57,21.51,21.55,21.76,22.28,23.23,22.31,21.87,21.59,21.14
24/03/2016,21.35,20.99,20.7,NA,20.86,21.23,21.82,21.67,21.8,25.06,25.05,25.01,21.6,21.3,21.01,20.8,20.68,20.69,20.87,21.05,21.14,21.08,20.84,20.53,20.3
25/03/2016,20.7,20.28,20.25,NA,19.99,20.01,20.3,20.26,20.39,20.82,21.05,21.05,20.9,20.75,20.42,20.31,20.28,20.36,20.47,20.83,21.01,20.8,20.54,20.45,20.15
26/03/2016,20.82,20.54,20.43,NA,20,20,20.01,20.01,20.47,20.88,21.11,20.91,19.97,19.06,18.26,17.54,17.73,17.87,19.2,20.12,20.09,19.94,18.72,17.91,14.66
27/03/2016,7.33,3.04,4.78,NA,9.98,9.94,10.04,0.91,10,10.04,10.05,17.31,17.36,16.81,16.02,15.43,15.52,15.98,17.03,17.54,19.6,20.43,19.87,19.5,18.5
28/03/2016,12.88,8.28,7.43,NA,6.5,5.27,6.28,5.86,5.96,11.82,17.68,18.28,18.53,18.1,11.86,-5.93,-5.98,-6.04,-4.2,7.45,11.79,17.02,18.22,16.29,12.98
29/03/2016,16.37,16.34,15.67,NA,15.79,16.77,18.5,20.12,22.56,21.37,21.37,21.24,21.06,20.43,19.99,19.83,19.72,19.86,20.76,21.2,21.34,21.4,21.14,20.5,20.08
30/03/2016,20.3,20.13,20.2,NA,19.92,20.18,21.08,21.67,22.21,23.14,22.53,21.99,21.83,21.64,21.58,21.51,21.39,21.34,21.51,21.69,21.88,21.9,21.69,21.35,21.04
31/03/2016,20.55,20.24,20.16,NA,20.22,20.61,21.54,22.28,35.22,39.98,35.58,33.81,33.14,29.31,29.3,27.25,24.52,24.13,24.33,26.78,30.33,31.22,21.69,21.29,20.43
01/04/2016,20.69,20.31,20.34,NA,20.14,20.62,21.26,22.06,33.29,39.47,37.47,33.74,29.82,25.17,21.93,21.74,21.62,21.57,21.69,25.9,21.89,33.21,21.76,21.5,21.06
02/04/2016,21.13,20.8,20.6,NA,19.84,19.91,20.09,20.19,20.79,21.14,21.33,20.81,20.08,19.77,19.76,19.36,19.28,19.41,20.45,21.98,21.72,21.55,21.38,21.17,20.92
03/04/2016,20.19,18.9,18.56,NA,18.52,18.29,18.4,18.43,18.57,19.03,19.41,19.72,19.83,19.29,19.18,19.15,19.58,20.12,20.45,21.19,23.15,22.02,21.68,21.38,20.71
04/04/2016,20.5,19.59,19.16,NA,19.15,19.34,20.55,22.19,23.98,34.57,32.69,28.91,24.5,22.81,23.26,23.09,22.49,22.48,22.7,22.91,22.92,23.5,22.71,22.02,21.23
05/04/2016,20.37,20.04,20.02,NA,19.82,20.08,21.26,22.87,31.98,34.41,34.08,33.28,32.14,28.81,25.94,24.15,23.61,23.39,25.26,23.6,24.81,24.29,23.06,22.35,21.27
06/04/2016,20,19.2,19.06,NA,18.95,19.02,20,21.6,22.89,23.63,22.91,22.68,21.97,21.41,21.03,21.33,20.86,20.68,21.29,21.7,21.88,21.98,21.46,20.15,19.01
07/04/2016,16.96,16,15.94,NA,15.42,16.82,18.95,20.67,21.62,22.03,21.93,21.55,21.46,21.35,21.26,21.19,20.96,21.07,21.23,21.47,21.85,21.87,21.49,20.96,20.03
08/04/2016,19.55,19.29,19.24,NA,19.3,19.64,20.32,21.28,22.63,23.79,23.83,23.52,22.99,22.87,22.61,22.29,21.67,21.69,21.85,22.25,22.18,22.05,22.03,21.46,20.96
09/04/2016,21.2,20.83,20.71,NA,20.79,20.77,21.02,21.36,21.4,22.11,22.51,22.4,22.25,21.83,20.81,20.2,20.35,20.72,21.86,22.58,22.52,22.36,22.14,21.74,21.25
10/04/2016,20.99,20.17,19.73,NA,19.59,19.6,19.5,19.55,19.66,20.22,20.97,21.05,21.06,20.28,20.12,20.03,20.07,20.45,20.79,21.29,21.93,21.96,21.89,21.32,20.09
11/04/2016,20.02,19.4,19.33,NA,19.54,20.3,21.23,22.31,24.76,29.88,28.29,24.96,22.96,22.52,22.36,22.12,21.83,22.06,22.35,22.39,22.45,22.63,22.37,21.83,21.17
12/04/2016,20.74,20.42,20.37,NA,20.37,20.65,21.45,22.25,23.39,24.99,24.49,22.93,22.62,22.44,22.41,22.32,22.21,22.14,22.25,22.3,22.44,22.57,22.5,22.05,21.54
13/04/2016,21.76,21.26,21.2,NA,21.28,21.7,22.26,22.99,27.59,34.94,32.14,28.73,26.76,25.05,24.55,24.22,23.33,23.08,23.48,23.55,23.55,23.83,23.48,22.94,22.5
14/04/2016,21.84,21.4,21.18,NA,20.94,21.06,22.28,23.05,31.27,37.28,34.59,30.91,28.08,26.4,25.05,23.83,23.44,23.22,23.62,24.32,23.67,23.47,22.98,22.74,22.23
15/04/2016,21.35,20.8,20.45,NA,20.14,20.34,21.43,22.61,23.45,24.59,23.97,23.74,23.24,23.08,22.93,22.65,21.89,21.74,22.13,22.66,22.65,22.69,22.69,22.56,21.92
16/04/2016,21.36,20.35,19.88,NA,19.4,19.42,19.54,19.94,20.43,21.14,21.64,21.36,21.24,20.9,20.56,20.37,20.15,20.36,20.59,20.83,21.41,21.72,21.59,21.22,20.33
17/04/2016,19.33,17.74,15.85,NA,15.13,15.15,14.57,14.82,16.94,18.14,19.15,19.31,19.57,19.3,19.27,18.92,18.52,18.16,18.81,19.35,20.51,21.2,21.29,20.64,19.93
18/04/2016,19.84,19.61,19.1,NA,18.9,19,20.54,21.44,22.46,22.71,22.46,22.12,21.85,21.14,20.7,20.65,20.49,20.31,20.7,20.72,20.67,21.04,20.92,19.77,19.09
19/04/2016,18.85,17.15,14.93,NA,15.5,18.44,19.27,20.59,22.06,22.49,21.96,20.94,20.42,20.15,20.06,19.93,19.87,19.59,19.62,20.47,20.89,21.18,21.17,20.13,19.33
20/04/2016,19.14,18.85,16.5,NA,17.49,18.63,20,21.63,23.13,23.37,23.28,23.02,22.43,21.69,21.56,21.52,21.57,21.59,22.16,22.54,22.93,23.1,23.22,22.92,21.69
21/04/2016,21.13,20.5,19.93,NA,19.58,19.84,21.11,21.89,22.95,23.29,22.84,22.64,22.24,21.94,21.84,21.76,21.55,21.34,21.3,21.26,21.24,21.39,21.49,20.88,20.12
22/04/2016,19.64,19.07,18.96,NA,18.89,19.33,20.95,21.5,22.63,22.89,22.87,22.86,22.73,22.57,22.25,21.94,21.68,21.52,21.68,21.73,21.82,21.89,22.04,21.79,21.41
23/04/2016,21.59,21.35,21.01,NA,20.99,20.99,20.9,21.05,21.48,22.42,23.22,23.32,23.2,22.66,21.36,20.45,20.25,20.34,20.45,21.07,22.45,23.23,23.24,22.98,22.01
24/04/2016,21.43,20.46,20.42,NA,20.52,20.62,20.76,20.51,21,21.3,21.54,21.39,21.28,21.22,21.04,20.91,20.77,20.83,20.98,21.01,21.96,23.35,23.53,23.32,23.03
25/04/2016,22.56,21.46,20.82,NA,20.64,20.92,22.81,25.83,27.54,30.06,27.89,27.05,25.82,25.35,25.44,24.39,23.75,23.78,24.44,24.27,24.46,24.95,25.53,24.19,22.97
26/04/2016,21.81,20.9,20.96,NA,20.62,21.07,22.73,24.38,25.98,28.04,26.8,25.83,25.1,25.12,25.03,24.74,24.46,24.15,24.48,24.45,24.4,24.48,24.83,24.37,23.22
27/04/2016,22.27,21.7,21.67,NA,21.34,21.64,23.01,23.71,25.95,29.3,27.93,25.65,24.91,24.21,24.14,23.56,23.42,23.53,24.03,24.92,24.54,24.14,24.75,24.37,23.55
28/04/2016,22.67,22.47,22.48,NA,22.54,23.16,24.26,24.51,29.81,37.08,34.1,29.93,28.68,26.16,24.98,25.76,24.48,24.33,24.32,24.12,24.12,24.27,24.41,24.2,23.72
29/04/2016,22.32,21.7,21.46,NA,21.5,21.63,22.3,22.88,25.79,27.68,23.22,22.51,21.97,22.04,21.86,21.67,21.94,22.08,22.34,22.55,22.57,22.53,22.44,22.16,21.88
30/04/2016,22.22,21.98,21.89,NA,21.96,21.98,21.89,21.58,22.58,22.75,23.79,23.95,23.47,22.44,22.01,21.48,21.17,21.54,22.34,23.9,23.79,23.75,24,23.75,23.3
01/05/2016,22.4,20.47,20.02,NA,20.06,20.06,20.04,20.03,20.65,21,21.57,22.23,22.26,21.74,21.2,20.94,20.79,20.81,21.18,22.04,23.57,25.08,25.13,24.7,23.89
02/05/2016,21.98,20.73,20.39,NA,20.43,20.58,22.98,25.27,34.56,34.96,31.35,28.29,26.91,25.29,25.07,24.62,24.57,24.26,29.06,33,24.13,23.97,24.1,23.63,22.54
03/05/2016,21.75,21.11,21.04,NA,20.8,21.16,22.51,23.76,26.94,29.53,28.18,27.67,27.6,25.72,25.02,24.32,24.1,23.91,24.37,24.42,24.55,24.47,24.95,24.44,23.73
04/05/2016,22.29,21.46,21.25,NA,21.17,21.61,23.59,25,33.93,35.97,32.46,28.51,27.14,25.43,24.37,24.01,23.64,23.88,25.1,27.83,28.48,27.85,27.78,24.34,23.82
05/05/2016,23.12,21.86,21.26,NA,20.26,19.79,20.27,20.44,20.73,21.27,21.39,21.3,21.11,20.9,20.55,20.11,19.67,19.71,20.37,21.38,23.48,23.31,23.64,23.52,21.62
06/05/2016,20.73,19.08,18.46,NA,18.24,19.11,21.16,23.29,23.87,25.09,29.27,23.99,22.87,22.26,21.96,21.57,20.87,20.66,21.85,22.88,22.76,22.28,22.09,21.8,20.91
07/05/2016,19.81,16.9,14.95,NA,14.64,14.96,15.2,16.27,19.32,19.94,20.1,20.27,19.98,19.93,19.39,18.72,18.55,18.15,19.26,19.92,21.42,19.93,19.81,19.72,18.22
08/05/2016,15.17,13.99,11.51,NA,7.63,7.03,6.01,7.6,13.95,16.94,18.59,20.02,19.73,19.23,18.48,18.02,17.63,17.18,17.72,17.93,19.35,19.4,20.02,20.12,18.66
09/05/2016,15.75,13.1,12.49,NA,12.39,14.73,20.15,22.6,28.02,33.14,30.49,24.23,22.69,22.38,22.2,22.03,22.02,21.95,22.76,22.87,22.81,22.43,22.7,22.13,21.31
10/05/2016,21.09,20.42,19.61,NA,19.33,19.87,21.56,22.77,26.14,35.78,34.61,29.24,24.92,23.46,23.34,23.41,23.49,23.1,23.2,22.89,22.69,22.48,22.46,22.23,21.61
11/05/2016,21.08,20.05,19.62,NA,19.11,19.87,21.71,23.93,35.27,39.6,34.94,29.41,24.58,23.66,23.47,23.22,23.04,22.92,23.36,23.62,23.45,23.33,23.31,22.23,20.69
12/05/2016,19.5,18.02,17.28,NA,17.79,18.68,19.9,23.08,30.19,34.05,30.96,28.93,26.95,25.39,24.75,24.75,25.07,25.14,27.47,29.79,28.15,25.41,24.83,24.03,23.26
13/05/2016,22.3,21.41,21.04,NA,20.55,21.13,22.81,24.12,36.14,40.21,38.23,35.37,35.45,30.94,27.99,24.68,23.8,23.53,24.01,26.37,23.81,23.67,23.5,23.22,22.28
14/05/2016,21,19.88,19.22,NA,18.96,18.45,18.79,18.46,20,20.43,21.5,21.7,21.58,21.14,20.73,20.3,20.04,20.03,20.32,20.5,20.71,20.46,20.66,22.15,20.62
15/05/2016,20.42,19.51,18.99,NA,18.73,18.08,18.05,17.9,18.56,19.3,20.26,20.58,20.54,20.24,20.04,19.85,19.74,19.92,20.23,20.47,21.41,21.69,22.21,22.17,21.74
16/05/2016,21.49,20.12,18.67,NA,18.52,18.48,19.78,21.33,22.03,22.54,22.91,23.11,23.35,22.9,22.67,22.38,22.42,22.37,22.75,23.8,24.29,24.22,24.05,23.7,22.9
17/05/2016,23.05,22.55,22.09,NA,21.6,21.73,22.91,25.04,30.35,36.32,30.48,28.3,27.79,25.94,25.53,26.34,26.93,26.01,26.95,26.11,26.31,26.94,27.37,25.89,24.16
18/05/2016,23.73,23.47,23.12,NA,22.37,22.75,23.98,27.91,36.17,39.48,35.31,32.58,30.98,31.12,30.9,30.87,30.32,30.57,31.69,33.08,34.1,33.81,32.95,30.41,26.54
19/05/2016,24.48,22.91,22.23,NA,21.95,22.29,23.9,30.82,39.4,46,44.13,45,44.91,40.07,38.96,35,33.06,31.91,32.35,34,35.22,34.12,33.04,29.36,25.04
20/05/2016,23.94,23.02,21.57,NA,21.34,21.52,23.23,26.36,30.37,34.97,31.91,27.5,25.98,24.99,24.3,24.22,24.2,24.35,24.96,24.66,24.72,24.54,24.69,24.49,23.97
21/05/2016,24.03,23.49,22.6,NA,21.75,21.48,21.01,21.6,23.07,23.49,23.48,23.48,23.35,22.89,22.72,22,21.85,21.69,22.14,23.62,24.34,23.92,23.9,23.87,23.42
22/05/2016,21.94,21.01,20.3,NA,20.43,20.52,19.92,19.82,20.79,22.52,23.37,23.64,23.44,23.05,22.77,22.49,22.18,22.17,21.84,21.86,23.22,23.81,23.85,23.84,22.9
23/05/2016,22.07,20.82,19.51,NA,18.91,19.46,21.4,28.05,34.51,35.93,33.99,36,35.94,33.91,33.54,32.5,32.78,31.96,31.68,32.49,33.09,33.97,31.97,24.47,22.71
24/05/2016,21.47,21.06,19.99,NA,19.62,20.3,22.11,26.13,34.38,37.09,36.19,36.94,36.06,33.09,33,32.69,30.92,29.12,29.8,31.25,32.2,31.64,32.38,30.43,24.98
25/05/2016,22.97,22.57,21.57,NA,21,21.63,22.99,30.92,35.8,39.2,34.99,34.16,33.07,31.02,28.95,30.13,30.12,30.9,32.92,35.8,36.61,36.76,35.49,34.92,28.06
26/05/2016,25.74,24.16,23.42,NA,23.27,23.33,23.79,26.15,30.96,30.97,27.94,26.2,25.4,26.09,25.44,25.3,25.58,25.76,28.07,34,35.27,34.95,32.94,33.1,26.94
27/05/2016,24.43,23.42,21.95,NA,20.61,21.69,23.45,27.88,32.99,35.48,34.26,32.95,32.91,30.37,27.2,26.64,26.86,27.68,30.96,32.91,33.2,32.19,31.85,30.23,25.99
28/05/2016,28.92,24.38,22.79,NA,22.14,21.69,21.91,22.56,24.02,26.57,26.95,24.46,23.61,23.12,22.6,22.08,21.9,22.18,22.97,24.61,26.42,27.1,25.69,23.35,22.33
29/05/2016,20.73,20.09,18.36,NA,17.34,17.05,15.56,16.35,19.22,21.79,22.28,22.68,22.68,22.72,22.51,21.96,21.3,21.43,22.25,22.58,22.56,22.77,23.04,22.81,20.01
30/05/2016,18.07,14.17,12.57,NA,11.28,12.15,19.71,24.46,25.98,28.35,28.18,28.12,27.05,26.08,25.41,25.04,24.67,24.61,24.86,24.91,25.05,24.87,24.35,23.4,21.94
31/05/2016,21.17,19.25,16.44,NA,16.09,17.31,21.5,24.14,30.61,35.81,35.47,34.94,34.94,31.99,30.94,29.95,28.82,29.26,31.6,32.95,30.76,29.67,29.32,28.05,24.53
01/06/2016,23.42,21.82,21.07,NA,20.08,20.18,23.28,29.37,37.49,40.87,41,40.44,40.51,36.64,32.11,30.9,28.96,28.12,30.11,32.66,32.92,30.95,29.57,30.16,26
02/06/2016,22.5,20.75,20.06,NA,20,20.26,22.92,29.03,37.97,40.52,38.91,38,36.37,32.87,30.77,30.12,28.38,26.93,28.66,31.84,32.96,31.96,29.46,29.16,24.59
03/06/2016,23.74,21.68,21.22,NA,20.64,20.9,22.5,27.46,35.45,40.08,39.93,36.44,35.64,30.92,28.46,25.9,25.26,25.49,28,31.82,33.61,31.22,29.93,30.63,28.25
04/06/2016,23.72,23.21,21.63,NA,21.29,21.26,21.3,21.53,23.5,27.49,28.98,26.56,26.91,26.36,23.76,23.74,23.88,24.18,25.91,28.19,30.07,29.87,29.88,30.24,28.88
05/06/2016,24.43,22.05,20.57,NA,19.74,19.9,18.79,20.17,22.12,24.86,26.8,28.04,28.18,28.16,27.6,26.65,26.08,25.99,26.56,26.26,27.54,28.85,29.14,30.74,27.93
06/06/2016,24.59,23.32,22.41,NA,21.71,21.73,23.26,29.98,36.16,37.82,34.94,32.57,31.94,30.25,30.46,29.94,30.35,30.99,34.68,38.76,41.06,37.31,34.2,33.81,28.79
07/06/2016,24.85,24.04,23.77,NA,23.1,23.54,26.41,30.41,35.82,40.45,40.04,40,39.94,39.91,36.13,35.77,31.93,30.71,32.13,36.02,38.48,34.9,32.97,32.59,27.54
08/06/2016,25.98,23.89,22.83,NA,21.68,21.54,23.91,28.21,35.07,41.31,37.33,34.25,32.99,30.06,30.27,30.87,30.14,29.59,29.21,31.07,32.52,31.35,31.76,30.16,26.5
09/06/2016,23.67,21.87,20.81,NA,20.58,21.11,23.63,28.72,33.97,43.08,44,42.89,41.4,35.86,34.99,36.67,35.68,33.15,32.88,34.25,35.76,33.7,32.83,31.24,29.13
10/06/2016,24.37,23.37,21.55,NA,19.98,21.6,24.84,29.7,34.77,39.79,42.39,41.9,33.78,32.8,32.78,32.67,32.69,31.81,31.83,33.12,33.28,32.06,31.67,32.86,30.17
11/06/2016,26.78,24.79,24.5,NA,24.1,23.39,23.35,24.17,27.96,30.86,32.19,32.57,32.18,31.76,31.02,30.7,30.62,30.99,32.06,31.92,32.25,32.62,31.71,31.7,30.73
12/06/2016,27.85,26.16,24.84,NA,24.81,24.7,24.75,24.81,25.08,27.43,28.87,30.37,30.66,30.51,29.58,29.76,29.7,30.32,31.23,32.56,32.59,32.18,32.54,31.58,29.62
13/06/2016,24.79,24.52,23.6,NA,23.05,23.14,24.8,29.66,33.49,37.13,39.91,38.17,39.09,34.23,33.11,32.46,31.65,30.53,31.2,31.75,32.97,32.58,30.72,30.04,27.69
14/06/2016,25.43,24.18,23.47,NA,22.99,23.52,27.21,31.46,37.56,44.91,44.96,44.92,49.94,70.3,51.6,50.08,40.16,33.23,33.07,35.95,37.52,36,32.01,30.84,29.89
15/06/2016,26.83,25.97,24.92,NA,24.52,24.61,30.25,34.57,36.79,38.97,37.09,37.11,38.19,34.9,33.4,33,32.66,30.85,31.42,34.53,36.91,35.49,33.25,33.02,27.33
16/06/2016,26.76,25.67,25.21,NA,24.32,24.73,29.2,33.97,42.11,48.37,49.79,55.54,55.5,42.81,42.53,42.5,40.93,35.17,34.49,38.11,36.07,35.28,33.02,31.53,29.72
17/06/2016,26.54,25.05,24.39,NA,24.11,24.13,28.75,30.3,36.17,47.24,48.63,49.58,48.91,48,43.56,41.18,36.71,32.64,31.32,31.48,32.94,31.17,28.85,29.79,26.71
18/06/2016,25.14,24.29,23.27,NA,22.46,21.75,21.68,22.51,23.36,25.36,26.37,28.05,27.82,27.47,26.77,24.75,24.52,24.72,25.17,27.19,27.28,26.83,26.97,28,25.08
19/06/2016,24.24,22.14,20.36,NA,19.09,17.9,18.57,17.71,20.12,25.78,27.53,27.84,28.49,27.62,27.37,26.71,26.59,26.8,27.07,27.36,27.61,27.8,29.88,29.26,27.81
20/06/2016,25.53,23.92,22.33,NA,22.44,22.3,28.12,30.77,35.27,42.81,42.81,42.88,42.83,42.84,39.92,37.18,36.08,32.5,31.86,33.45,34.81,33.37,31.76,30.74,27.07
21/06/2016,24.23,23.37,22.89,NA,21.75,22.42,25.14,29.56,38.73,40.78,42.59,41.79,43.73,39.59,37.64,35.84,34.58,32.45,33.05,34.94,35.91,37.44,34.98,33.93,30
22/06/2016,28.75,25.57,24.53,NA,23.71,24.56,30.35,34.49,40.98,48.41,44.5,44.49,44.43,43.05,38.32,37.16,37.96,32.99,34.53,39.06,39.8,38.3,37.39,35.98,31.09
23/06/2016,28.78,26.27,24.98,NA,23.87,23.81,30.32,35.89,36.8,38.74,38.96,40.43,39.26,36.06,33.32,32.54,32.41,30.91,31.59,35.92,40.06,38.04,32.72,30.77,26.99
24/06/2016,26.03,24.56,24.08,NA,23.36,23.91,26.91,31.09,37.03,38.84,34.46,31.96,30.74,30.66,29.93,29.37,29.08,29.63,31.65,34.98,35.53,34.95,31.24,32.75,31.28
25/06/2016,30.14,28.97,26.64,NA,24.28,23.6,23.56,24.59,27.59,30.25,32.96,33.86,32.95,30.06,28.49,28.02,27.86,27.33,27.98,29.42,30.53,29.8,28.81,29.61,27.02
26/06/2016,25.07,23.6,22.61,NA,21.58,20.06,19.96,23.19,26.76,26.47,27.22,29.51,30.47,30.45,30.07,29.33,28.65,28.65,29.14,29.17,29.19,29.97,29.84,30.48,28.12
27/06/2016,25.04,23.36,22.12,NA,20.64,23.09,29.31,36.22,43.47,77.9,94.58,88.64,103.15,100.2,108.77,95.18,87.81,43.47,42.18,43.51,44.91,40.09,37.62,37.29,32.17
28/06/2016,29.21,27.34,25.92,NA,25.01,25.41,31.1,41.76,119.92,150.02,145.26,150.05,167.88,150.94,160.08,160.01,103.28,56.2,43.83,51.47,60.13,41.93,41.93,38.64,31.73
29/06/2016,31.09,30.1,30.02,NA,29.94,29.9,31.41,42.07,48.32,71.59,79.85,83.57,75.29,79.85,61.77,61.75,61.69,42.71,42.01,42.05,42.03,38.41,36.73,35.8,31.02
30/06/2016,29.21,28.08,28.02,NA,27.75,27.49,31.89,37.2,42.03,45.06,48.15,45.08,45.03,39.94,36.63,36.47,34.78,32.32,31.29,35.07,38.28,34.91,31.88,32.38,28.4
01/07/2016,29.36,25.3,24.06,NA,23.64,23.59,29.04,29.91,33.58,36.66,33.33,32.95,31.7,30.67,29.69,28.82,28.39,27.67,28.09,30.51,30.76,27.71,27.48,27.52,26.88
02/07/2016,26.14,21.14,19.4,NA,17.51,16.79,16.58,19.7,22.61,25.01,25.5,25.53,25.17,24.34,23.76,22.92,22.99,24.16,25.18,25.11,25.35,25.48,25.03,25.75,22.95
03/07/2016,21.64,20.49,18.67,NA,16.56,12.22,12.14,14.96,18.03,19.91,24.82,25.21,25.75,26.05,26.27,26.55,26.79,26.61,26.86,26.84,27.42,28.66,30.49,31.63,30.09
04/07/2016,26.36,24.82,24.42,NA,23.92,23.68,24.81,31.93,35.19,37.93,33.54,33.72,32.46,31.39,30.97,30.92,30.83,31.22,32.9,35.98,38.41,38.65,35.56,34.96,33.98
05/07/2016,29.93,27,25.46,NA,23.88,23.43,25.55,30.28,34.94,36.46,35.05,32.54,31.46,30.02,29.94,30.01,29.57,28.9,28.72,28.85,27.57,26.9,27.09,27.38,24.92
06/07/2016,21.39,19.13,15.02,NA,13.23,12.19,16.58,24.24,26.18,27.63,28.08,28.53,28.53,28.27,28.13,27.96,27.56,27.64,27.75,28.26,28.63,28.96,29.18,28.62,27.17
07/07/2016,26.54,24.94,23.63,NA,21.58,22.43,24.72,29.47,30.78,32.58,30.78,29.56,29.31,28.4,28.89,28.98,29.09,28.46,29.69,30.83,31.12,31.65,31.18,31.19,29.94
08/07/2016,27.93,26.31,25.04,NA,23.46,23.18,25.02,30,34.15,37.69,35.26,33.36,32.93,30.89,30.26,30.19,29.68,29.38,29.6,29.44,29.79,28.1,26.91,28.08,25.04
09/07/2016,24.96,23.41,22.13,NA,21.68,19.94,20.82,22.54,25.15,28.01,29.76,30.52,30.46,29.79,29.1,27.4,26.45,26.37,26.36,28.61,29.95,29.89,29.86,30.37,28
10/07/2016,23.74,22.64,21.74,NA,20.77,20.36,19.96,20.86,23.59,26.7,29.52,29.65,30.17,29.79,29.77,29.76,29.47,29.45,29.57,29.63,30.27,30.91,30.92,31.49,29.81
11/07/2016,24.58,22.47,21.6,NA,20.45,19.96,24.6,29.43,30.27,32.15,30.74,30.7,30.4,30.31,30.33,29.92,29.62,28.93,28.73,29.51,30.19,30.72,29.76,28.5,26.97
12/07/2016,25.09,23.98,22.39,NA,22.59,22.58,24.51,28.94,32.24,34.1,32.77,31.96,32.7,31.44,30.73,30.97,30.42,30.55,31.69,32.51,32.81,32.26,32.74,32.57,30.84
13/07/2016,28.09,27.16,26.05,NA,25,25.1,26.69,31.85,34.94,40.42,40.62,39.36,39.66,36.03,36.94,36.23,33.68,32.73,33.75,35.06,35.06,33.01,31.56,31.57,29.15
14/07/2016,25.15,24.02,22.84,NA,22.36,21.58,24.57,28.43,30.15,32.83,32.8,33.92,34.19,34.02,34.49,34.57,34.65,32.93,32.78,34.09,32.96,31.77,30.89,29.65,27.87
15/07/2016,26.15,24.08,21.05,NA,20.32,20.27,24.01,28.05,30.66,31.12,31.82,32.06,31.96,31.68,31.55,31.37,31.28,31.07,30.89,31.54,32.98,31.95,31.47,32.57,31.57
16/07/2016,29.23,24.4,23.04,NA,22.04,21.91,22.32,24.76,28.74,30.32,30.82,31.47,31.5,31,30.27,29.76,28.85,29.01,29.35,30.76,31.16,30.61,30.53,30.7,27.95
17/07/2016,24.53,22.03,21.43,NA,20.17,19.57,19.4,19.47,21.48,26.12,27.24,28.28,28.71,28.38,28.64,28.36,28.09,28.17,28.54,29,28.96,28.76,30.09,30.57,29
18/07/2016,26.03,24.05,23.31,NA,23.13,23.02,24.4,29.53,32.38,34.54,32.98,31.97,31.83,31.78,31.8,31.51,30.96,30.21,30.8,32.15,32.44,32.27,32.4,32.3,30.45
19/07/2016,27.59,27.09,26.41,NA,25.89,25.61,26.14,31,34.48,38.19,35.7,32.99,32.91,32.15,31.84,31.8,32.05,32.4,35.25,38.01,36.83,35.07,34.41,31.91,28.92
20/07/2016,28.01,26.32,25.72,NA,25.4,25.26,26.49,29.82,32.71,35.91,33.99,32.5,32.21,31.68,31.84,31.78,31.63,31.19,31.78,32.57,33.65,32.18,31.2,29.7,29.05
21/07/2016,26.15,26.15,25.78,NA,25.52,25.47,26.9,30.36,32.4,32.96,33.42,36.13,33.98,33.94,33.42,32.94,32.68,32.51,33.54,33.15,32.82,32.45,32.84,32.13,30.87
22/07/2016,29.26,27.24,27.1,NA,26.56,26.5,28.06,31.58,33.89,35.92,36,35.16,34.41,32.15,30.78,30.68,31.19,31.62,32.48,33.78,33.3,32.16,31.5,31.2,29
23/07/2016,31.04,30.24,29.1,NA,27.02,25.77,25.65,26.22,30.32,31.96,32.53,32.26,31.97,30.31,30.02,29.87,29.67,29.78,30.57,31.86,32.81,31.88,31.6,31.37,29.08
24/07/2016,30.11,28.11,25.99,NA,25.43,24.84,24.57,25.07,26.65,29.18,30.46,31.07,31.18,30.99,30.63,29.95,29.36,29.15,29.79,30.64,31.82,32.16,32.42,32.11,31
25/07/2016,29.08,27.32,26.32,NA,25.93,25.92,27.8,31.87,32.93,34.22,37.03,35.6,35.19,33.28,32.95,32.35,32.6,32.52,34.34,35.12,33.22,33.18,33.15,32.55,30.4
26/07/2016,27.98,27.5,26.38,NA,25.88,25.91,26.53,30.97,32.2,32.6,36.55,35.58,36.12,32.34,32.16,31.8,32.13,31.86,33.01,33.61,33.56,33.53,34.21,32.93,30.2
27/07/2016,28.12,26.95,26.04,NA,25.87,26,26.63,31.53,32.4,38.17,39.69,39.94,40.26,36.2,35.65,32.72,32.6,32.23,32.35,35.1,35.73,32.49,32.95,32.41,29.94
28/07/2016,26.25,25.75,25.18,NA,24.8,24.65,25.76,29.2,31.19,31.52,31.77,31.86,31.72,31.56,31.1,30.97,30.81,30.68,32.55,32.58,31.45,31.57,31.7,32.03,29.92
29/07/2016,28.21,27.04,26.03,NA,24.58,24.84,25.95,29.68,31.59,31.94,32.79,32.94,32.41,30.94,30.23,29.23,29.12,28.94,29.82,30.78,31.59,30.86,30.12,29.79,28.87
30/07/2016,30.32,26.83,25.59,NA,24.63,24.3,24.39,24.72,26.09,27.4,29.21,29.08,28.83,28.59,27.99,27.03,27.01,27.4,27.8,29.73,30.64,30.4,30.46,30.37,29.43
31/07/2016,27.42,25.36,23.8,NA,22.56,22.14,21.65,20.98,21.99,24.39,25.74,26.84,27.43,26.98,26.19,25.21,25.27,25.5,26.53,26.99,28.37,28.92,30.19,30.64,27.78
01/08/2016,24.91,23.79,22.55,NA,22.14,21.91,24.52,28.97,31.2,33.67,32.55,30.87,30.79,30.7,30.56,30.26,30.08,29.54,30.99,32.61,31.99,30.66,30.78,30.79,29.38
02/08/2016,26.82,25.25,24.74,NA,24.63,24.27,25.9,30.43,32.73,33.65,34.86,36.08,37.04,36.77,35,34.25,33.58,32.74,33.94,35.06,34.11,32.83,32.4,31.19,28.98
03/08/2016,26.03,24.53,23.74,NA,22.69,23.04,25.8,29,31.82,33.95,34.97,35.02,34.95,33.57,31.95,32.58,32.2,31.21,31.72,32.52,33,31.25,30.33,28.99,26.91
04/08/2016,23.55,22.43,20.05,NA,19.42,19.83,23.95,26.99,30.11,32.99,32.37,32.73,32.74,32.53,32.25,32.16,31.91,31.28,32.19,33.75,33.51,32.1,32.02,31.89,29.37
05/08/2016,27.45,26.18,25.12,NA,23.95,24.07,26.24,30.45,33.19,36.3,38.69,38.54,38,36,33.96,32.16,31.88,30.92,32.06,33.12,33.57,32.47,32.16,31.52,28.84
06/08/2016,29.58,26.68,25.34,NA,24.03,22.4,22.56,23.53,25.64,28.23,28.66,29.82,29.83,29.58,28.96,28.35,28.07,27.84,27.82,27.46,28.26,28.92,29.62,29.54,27.45
07/08/2016,24.62,20.05,17.99,NA,13.17,12.69,12.76,12.93,18.24,25.04,27.72,28.15,29.03,29.03,28.59,27.69,27.39,27.2,27.09,27.21,28.45,29.75,29.98,28.9,26.33
08/08/2016,21.13,16.84,12.91,NA,8.16,8.12,23.43,26.24,26.96,28.54,29.54,29.5,29.06,28.74,28.38,27.91,27.74,26.79,28.05,28.74,29.11,27.93,28.11,26.84,25.41
09/08/2016,19.51,18,18.22,NA,17.78,18.73,22.42,28.33,31.85,34,34.19,33.77,33.44,33.08,32.04,30.96,29.9,28.4,28.61,29.85,31.25,29.29,29.62,28.4,25.82
10/08/2016,23.13,22.41,21.47,NA,19.99,19.87,23.5,28.12,31.67,33.95,34.33,35.41,38.13,35.07,36.05,37.43,36.7,35.07,35.9,35.52,34.97,33.72,34.72,32.14,28.65
11/08/2016,24.83,23.57,23.27,NA,23.02,23.06,25.24,29.29,34.93,36.7,38.77,40.52,41.31,42.72,41.96,40.35,39.52,34.8,37.42,36.97,39.38,35.98,35.68,33.87,28.82
12/08/2016,24.66,24.03,23.56,NA,23.69,23.96,25.63,29.36,33.35,35.74,36,36.02,36.12,35.91,35.29,32.15,31.4,30.7,30.2,29.47,29.06,29.13,28.99,27.86,25.18
13/08/2016,21.7,19.97,18.09,NA,16.89,16.1,14.46,16.08,23.61,25.07,26.11,26.33,26.51,26.36,26.26,26.14,26.02,26.12,26.2,26.18,26.51,27.03,28.38,27.63,25.73
14/08/2016,24.02,21.18,19.61,NA,19.03,18.05,18.08,18.06,19.14,19.9,18.99,19.74,20.46,19.1,18.08,17.55,26.64,26.66,26.71,27.4,29.57,30.8,31.53,30.32,27.82
15/08/2016,25.67,22.94,21.61,NA,21.52,21.81,25.42,33.68,36.76,35.96,35.87,36.47,36.02,38.54,35.55,34.91,33.96,32.4,32.94,34.82,35.88,34.32,34.47,33.22,30.42
16/08/2016,26.26,23.99,22.94,NA,22.03,22.1,24.1,29.42,33.63,34.51,34.73,34.43,33.7,33.58,33.87,33.83,33.32,31.33,33.12,34.33,35.79,34.81,34.36,31.25,27.74
17/08/2016,25.03,24.01,23.51,NA,21.9,22.56,25.05,30.44,35.55,37.07,37.15,39.24,40.81,38.05,37.09,37.02,35.78,33.87,35.08,35.67,37.07,36.45,35.48,32.42,28.82
18/08/2016,25.16,24.12,23.34,NA,21.83,22.66,25.17,30.69,34.62,36.49,35.78,34.9,34.69,34.81,34.83,35.31,34.78,33.59,35.01,36.05,37.34,36.85,36.01,32.74,28.92
19/08/2016,27.71,26.62,25.51,NA,24.5,25.58,28.26,33.81,43.34,43.4,44.21,44.47,44.63,44.78,44.25,42.77,39.48,35.63,38.65,36.09,36.46,34.99,34.32,32.22,28.87
20/08/2016,26.54,25.65,25.01,NA,24.91,24.87,25.08,25.81,28.76,34.11,35.42,36.76,36.56,35.39,34.85,34.15,33.47,33.48,33.92,33.9,33.48,33.16,33.71,30.2,27.99
21/08/2016,25.76,25.19,25.1,NA,25.01,24.97,24.9,25.43,26.82,28.44,29.56,31.31,33.5,33.87,33.23,32.34,31.86,32.46,32.19,32.04,33.13,33.92,33.93,31.34,27.64
22/08/2016,26.72,25.09,25.07,NA,25.11,25.25,26.95,32.14,43.53,43.56,44.93,49.4,48.76,47.59,47.77,44.81,43.53,38.4,40.03,38.09,37.71,37.64,35.02,31.63,27.92
23/08/2016,24.26,22.9,21.62,NA,20.79,22.55,26.01,31.31,38.08,43.43,43.5,43.5,43.49,43.49,43.42,43.04,39.52,37.26,38.89,40.2,41.6,42,38.92,33.38,28.36
24/08/2016,26.19,25.09,24.85,NA,25.01,25.53,27.48,31.95,38.99,43.47,46.18,46.16,46.1,44.92,43.48,43.43,38.91,36.27,36.97,37.69,38.44,37.99,34.01,29.31,26.87
25/08/2016,22.63,22.4,20.97,NA,21.16,21.98,24.95,30.52,35.04,36.58,35.96,36.06,35.65,35.54,34.74,34.52,34.08,32.94,34.84,36.65,38.78,37.96,34.16,28.88,26.5
26/08/2016,22.64,20.84,20.81,NA,20.73,23.03,25.94,29.71,34.47,35.9,34.92,33.35,32.38,33.35,33.09,32.29,30.11,30.46,34.19,34.79,33.9,32.84,32.49,29.36,26.57
27/08/2016,25.31,24.05,23,NA,23.07,23.28,23.18,25.28,26.84,29.5,29.56,25.48,23.86,22.82,22.24,21.99,22.46,23.59,28.41,34.94,35.36,34.95,33.61,29.62,25.03
28/08/2016,23.14,20.98,21.01,NA,21.29,20.34,20.32,20.48,24.08,26.91,29.42,30.53,31.52,30.54,30.07,29.94,29.83,29.67,29.75,29.92,32.95,33.76,32.45,28.98,24.29
29/08/2016,23.24,23.02,22.09,NA,22.09,22.61,24.52,31.91,39.29,40.69,36.35,36.33,35.92,37.12,38.06,36.26,34.74,31.3,31.43,32.58,35.76,33.93,30.79,28.39,24.19
30/08/2016,24.73,24.15,23.74,NA,23.35,22.74,24.54,32.65,40.59,43.82,38.97,38.98,38.93,39.33,39.03,38.63,37.7,34.15,37.84,40.6,43.71,44.83,40.83,32.96,26.64
31/08/2016,25.6,24.02,23.48,NA,22.77,22.79,25.34,32.98,40.46,43.07,45.44,43.91,37.03,35.87,35.89,34.95,32.57,31.58,35.15,38.96,39.95,38.66,32.42,27.7,24.2
01/09/2016,22.65,21.24,21.09,NA,21.85,23.59,25.1,32.16,37.06,41.08,38.24,34.92,32.98,30.75,30.27,29.3,29.51,29.68,33.35,35.94,36,36.09,33.5,29.74,26.93
02/09/2016,24.35,23.32,23.19,NA,22.91,23.1,25.97,32.29,37.49,40.5,37.91,33.07,31.26,30.65,30.22,28.13,28.71,29.98,33.11,35.22,35.2,32.62,31.23,28.39,26.6
03/09/2016,26.18,25.3,24.76,NA,24.28,24.02,24.32,25.04,28.73,30.79,32.16,30.35,29.06,27.83,25.71,25.73,25.98,26.93,30.44,34.27,37.56,38.56,37.67,33.01,28.93
04/09/2016,25.47,24.91,23.09,NA,22.04,20.81,20.09,20.03,23.53,24.48,25.78,27.25,27.63,27.68,27.08,26.53,25.96,26.07,27.36,27.91,30.71,33.83,31.79,29.53,25.06
05/09/2016,23.18,22.3,22.42,NA,21.73,22.96,24.96,32.79,42.98,44.42,43.31,44.97,48.01,45.98,45.31,42.58,43.03,41.9,41.98,39.92,43.12,44.08,40,32.77,28.07
06/09/2016,27.68,25.98,24.84,NA,23.76,23.92,26.43,33.54,42.97,43.81,41.96,35.9,32.84,29.4,28.9,29.29,29.27,31.21,37.95,42.01,45.16,43.92,32.13,26,24.08
07/09/2016,20.29,19.41,18.66,NA,18.96,20.02,24.02,27.87,37.97,38.13,34.07,29.95,28.92,28.1,28.09,27.92,28.5,28.93,36.93,40.7,44.35,41.9,36.05,28.85,25.96
08/09/2016,24.97,24.07,23.5,NA,23.08,23.1,24.24,31.91,38.71,39.62,38.31,33.73,33.12,32.48,32.07,31.77,31.2,30.24,35.67,40.41,42.59,40.31,34.55,28.65,25.99
09/09/2016,25.08,23.81,23.49,NA,22.97,23.26,24.82,32.09,39.26,41.94,40.99,36.88,34.06,31.8,29.2,28.54,29.49,30.29,35.89,39.77,41.92,41.42,32.57,29.49,27.48
10/09/2016,28.58,26.27,25.41,NA,24.08,23.75,24.08,24.89,28.62,29.04,29.18,27.18,26.87,26.21,25.6,25.15,26.24,28.65,31.32,32.14,31.96,31.86,29.73,28.78,26.12
11/09/2016,23.84,22.87,22.51,NA,21.73,21.1,22.09,22.21,22.38,23.77,25.11,24.96,25.48,25.16,24.54,23.48,23.42,24.01,28.73,36.36,39.85,42.57,38.93,35.94,27.35
12/09/2016,23.48,22.93,22.51,NA,22.15,22.75,24.11,28.65,32.05,41.23,39.43,33.5,31.44,31.24,30.99,31.24,32.59,34.94,37.07,35.72,35.84,35.06,30.98,28.82,26.59
13/09/2016,25.08,24.8,24.01,NA,23.52,23.55,26.39,30.44,34.83,42.76,38.92,35.91,32.84,32.17,31.81,31.71,31.35,31.87,33.58,33.52,32.77,32.71,31.32,27.4,25.01
14/09/2016,24.04,23.59,23.31,NA,23.31,24.08,26.19,30.33,35.52,39.9,34.95,32.93,33.61,32.86,32.58,32.54,31.8,31.49,32.75,35.61,37.44,32.13,31.25,29.28,25.05
15/09/2016,22.93,21.88,21.42,NA,21.4,22.74,24.08,29.58,34.51,37.01,33.71,31.91,32.98,32.84,32.49,32.73,31.94,31.48,32.15,34.03,34.8,34.89,31.52,26.42,24.79
16/09/2016,22.6,21.64,21.22,NA,21.29,22.55,25.1,28.97,31.68,32.09,31.85,31.88,31.64,31.07,29.9,28.95,28.96,28.88,28.94,28.88,28.95,28.54,26.81,25.46,24.67
17/09/2016,25.02,24.02,23.77,NA,22.81,22.25,22.91,24.91,26.01,27.44,28.98,29.59,29.64,28.7,26.93,25.85,25.83,25.94,27.85,28.08,30.22,29.69,26.87,24.94,23.65
18/09/2016,23.53,22.53,22.49,NA,22.49,22.81,22.98,23.54,24.63,24.86,25.83,27.66,27.91,27.71,26.99,26.89,26.64,27.18,27.85,31.86,35.24,34.1,31.1,27.94,25.46
19/09/2016,24.56,24.15,23.78,NA,23,23.69,26.2,33.77,42.31,44.6,43.91,43.95,43.97,41.27,39.31,37.68,37.93,37.78,39.22,39.9,41.99,40.1,30,28.01,26.02
20/09/2016,25.01,24.83,23.51,NA,23.54,24.02,25.86,32.73,42.96,43.88,43.25,43.22,42.19,38.21,36.47,34.22,34.55,36.08,39.13,42.07,46.8,41.95,35.06,28.54,26.03
21/09/2016,25.43,24.94,24.12,NA,24.25,24.69,26.34,36.97,48.19,49.71,44.5,39.98,36.03,32.94,32.7,31.94,32.81,35.36,42.7,45,48.75,43.87,37.96,28.49,27.09
22/09/2016,25.86,25.09,24.73,NA,24.32,24.84,27.36,38.19,43.35,45.01,36.65,35.77,35.39,34.99,33.83,32.68,32.99,32.75,40.91,43.16,50.27,46.95,38.95,29.97,26.47
23/09/2016,25.84,25.09,24.68,NA,24.78,25.14,27.4,36.06,43.23,44.07,39.9,34.66,33.18,32.69,31.85,31,30.89,30.74,31.54,35.91,41.83,39.98,30.36,27.7,26.79
24/09/2016,26.27,24.68,24.39,NA,25.15,24.65,24.59,27.31,31.15,34.63,34.04,30.96,30.97,29.72,29.42,27.36,27.53,28.7,34.58,38.08,42.63,40.99,34.53,31.15,25.46
25/09/2016,25.03,23.51,22.73,NA,22.07,22.74,22.93,22.92,23.78,25.05,26.25,26.73,27,26.26,25.99,25.51,25.5,25.75,27.12,35.09,40.95,40.94,33.53,29.57,24.52
26/09/2016,24.27,24.2,23.42,NA,23.28,23.49,25.46,39.24,54.94,65.97,80.02,64.49,64.44,43.18,43.76,41.54,39.92,42.84,81.29,65.94,65.94,54.96,37.93,30.52,28.4
27/09/2016,31.33,30.74,29.75,NA,28.73,27.84,29.56,41.53,49.92,67.03,74.9,65.95,41.52,40.44,34.13,33.5,37.37,37.49,56.1,55.04,52.44,41.91,29.94,27.82,24.36
28/09/2016,24.01,18.8,16.19,NA,14.66,14.91,19.88,28.52,37.94,38.1,32.22,26,25.69,25.98,25.92,25.85,25.7,25.57,26.45,33.53,39.59,34.36,28.14,24.41,22.02
29/09/2016,19.93,16.1,18.63,NA,14.57,14.83,24.01,26,37.97,37.84,27.64,25.97,25.95,25.91,25.74,25.61,25.22,25.03,25.35,28.36,37.91,32.05,25.03,22.69,16.85
30/09/2016,16.49,16.08,14.93,NA,14.46,19.61,22.54,39.68,49.66,49.97,43.91,39.96,39.6,37.9,29.65,29.37,31.96,31.19,31.48,37.99,42.91,38.97,31.9,30.93,28.43
01/10/2016,25.81,22.93,22.87,NA,25.81,25.94,29.13,32.55,31.3,38.38,38.96,39.94,39.21,34.07,30.53,29.63,29.18,29.44,34.63,39.93,45.03,40.06,30.74,28.84,32.47
02/10/2016,32.68,27.04,26.28,NA,25.13,24.9,25.03,25.43,26.09,29.7,30.99,29.88,32.38,29.11,27.76,27.33,27.14,27.36,31.65,41.22,49.35,42.4,34.78,29.94,25.81
03/10/2016,25.85,26.11,25.09,NA,24.54,24.67,26.41,35.48,40.96,38.19,39.76,32.6,33.17,26.19,25.33,24.59,29.39,31.04,33.37,37.1,37.74,32.63,28.42,25.74,24.6
04/10/2016,25.62,25.28,24.05,NA,23.44,23.25,25.54,30.04,37.1,40.38,36.78,32.37,28.71,31.29,32.08,31.99,31.87,30.49,35.7,37.88,39.09,31.73,26.08,24.78,24.93
05/10/2016,25.06,24.25,23.2,NA,22.23,22.71,24.3,31.17,42.45,41.97,30.14,27.58,27.51,26.33,26.98,28.17,28.18,29.99,35,42.2,41.08,33.37,27.67,26.98,25.02
06/10/2016,13.65,17.1,16.05,NA,12.3,19.55,24.06,27.63,33.19,32.57,36.19,36.45,36.77,36.97,36.44,34.18,34.06,33.42,42.42,42.47,49.69,40.02,34.23,30.68,27.75
07/10/2016,27.76,26.9,26.98,NA,27.12,27.96,29.93,39.29,42,45.58,45.05,46.53,52.32,53.07,47.11,44.06,42.47,41.98,35.34,36.08,37.12,32.3,30.53,29.86,28.05
08/10/2016,28.13,27.95,27.8,NA,27.77,27.81,28.21,30.16,31.44,33.47,35.09,34.9,34.66,33.26,32.48,32.69,32.44,33.1,34.44,37.51,37.25,33.73,32.31,31.66,30.58
09/10/2016,28.71,28.45,28.32,NA,28.1,28.03,28.06,28.34,29.11,31.87,33.6,33.42,34.13,32.06,30.81,30.42,30.05,30.66,32.99,38.36,38.85,35.85,34.7,32.74,31.32
10/10/2016,29.58,30.96,30.32,NA,29.92,29.46,31.28,44.37,67.58,75,70.16,60.13,55.66,51.99,53.21,52.65,50.67,46.49,55.87,69.94,79.97,45.08,37,33.24,30.53
11/10/2016,31.56,30.23,29.08,NA,29.16,30.18,32.69,36.9,45.93,49.39,49.35,47.58,45.08,40.08,39.91,37.88,39.25,39.96,42.67,44.97,44.54,36.41,35.07,32.58,30.41
12/10/2016,30.82,29.53,28.78,NA,28.7,30.5,32.92,37.19,47.59,48.15,47.08,45,46.05,43.87,44.45,43.13,39.42,38.62,43.89,48.09,49,39.2,36.74,34.76,32.12
13/10/2016,30.04,29.16,28.77,NA,28.85,29.37,34.44,39.99,47.91,49.64,44.98,40.02,37.64,31.39,31.06,30.12,32.06,39.92,44.94,51.26,50.71,39.68,35.62,32.87,30.07
14/10/2016,20.8,20.02,14.98,NA,20.07,21.72,25.2,30.29,40.53,40.08,40.1,34.13,29.55,28.17,28.1,28.2,30.01,29.55,36.52,38.27,37.59,33.24,29.57,28.2,28.01
15/10/2016,15.53,13.1,13.66,NA,13.62,17.99,15.5,15.79,27.62,30.59,31.62,31.89,33.16,31.39,31.36,31.47,31.8,32.32,42.86,49.92,57.05,48.93,44.38,30.68,30
16/10/2016,30.24,29.85,29.75,NA,29.61,29.68,29.88,30.41,31.51,36.63,38.48,37.39,34.57,32.72,31.92,30.82,31.19,31.81,35.29,45.85,48.93,33.67,31.54,30.57,28.84
17/10/2016,30.01,29.56,29.17,NA,28.44,28.53,30.46,41.75,45.11,48.34,46.42,46.48,46.02,41.9,45.21,48.97,52.42,53.97,50.05,55.56,56.08,46.44,35.74,36.87,31.79
18/10/2016,31.5,30.82,30.46,NA,30.5,31.11,32.96,41.79,51.33,54.95,51.93,50.35,50.81,47.63,46.31,42.03,41.1,40.06,46.01,50.11,48.64,38.56,35.29,32.7,30.99
19/10/2016,30.27,30.47,30.8,NA,31,31.33,30.85,38.01,47.5,48.68,48.47,49.29,50.09,49.17,47.05,43.05,42.29,43.16,48.32,50.16,49,44.49,36.48,34.99,31.26
20/10/2016,30.36,31.51,30.96,NA,31.02,30.77,30.83,35.35,42.66,46.12,46.83,47.06,47.16,44.93,44.71,43.22,42.97,43.9,46.42,47.31,47.15,41.94,37.61,34.67,32.87
21/10/2016,32.65,31.94,31.39,NA,31.17,32.33,32.84,37.42,42.39,44.53,44.81,45.12,44.68,44.21,41.84,38.31,37.41,38.45,41.57,45.33,43.39,38.29,36.09,34.14,33.08
22/10/2016,33.28,33.04,32.88,NA,32.84,32.92,33.09,33.44,33.84,34.36,36.12,36.96,36.38,37.16,35.08,34.31,34.17,35.19,39.9,41.95,40.05,36.47,35.02,33.76,33.4
23/10/2016,33.09,32.69,32.41,NA,31.85,32.03,31.9,32.52,33.04,33.75,35.22,35.74,36.13,35.93,35.26,35.38,35.23,36.4,38.15,41.81,41.73,38.81,36.86,34.75,33.6
24/10/2016,32.19,31.85,31.81,NA,31.66,32,34.04,40.92,45.52,45.07,45.75,46.39,45.53,45.38,44.97,43.65,43.66,43.26,46.7,47.33,46.03,41.07,37.49,35.78,33.11
25/10/2016,33.73,33.47,33.57,NA,33.65,34.13,37.01,43.3,66.46,66.38,67.28,73.07,74.23,67.61,66.01,56.58,52.74,54.65,67.71,67.18,59.9,48.61,40.13,37.38,34.7
26/10/2016,35.81,34.6,34.71,NA,35.03,35.03,36.17,41.2,52.3,54.32,54.5,53.69,54.34,50.9,49.05,46.79,46.81,47.92,49.89,53.84,51.23,41.28,39.11,36.47,33.3
27/10/2016,32.84,32.26,31.87,NA,31.25,32.34,33.58,38.65,44.59,46.61,46.29,45.89,44.6,43.81,42.06,40.47,39.71,40.72,42.87,42.7,40.37,37.71,36.08,33.59,31.05
28/10/2016,29.06,26.87,23.43,NA,23.65,23.92,29.1,31.08,37.04,38.35,37.72,37.76,37.95,37.17,36.82,36.31,36.33,37.07,38.57,38.57,37.65,35.08,34.29,33.51,31.95
29/10/2016,30.31,28.18,28.27,NA,27.97,28.08,28.84,30.77,32.5,33.93,34.66,34.86,34.77,33.79,32.36,30.03,32.15,32.79,35.31,36.18,35.65,34.35,34.11,33.99,33
30/10/2016,32.57,32.15,31.55,NA,31.4,31.52,32.73,33.37,34.17,35.02,36.49,36.99,38.33,37.2,34.59,34.76,34.9,37.72,46.11,44.87,43.88,40.25,39,38.06,36.73
31/10/2016,35.36,34.94,34.66,NA,34.35,34.39,40.03,45.29,51.68,50.47,47.38,46.2,46.06,39,38.08,38.64,46.04,49.73,59.2,55.98,47.79,44.13,40.26,38.62,36.78
01/11/2016,34.42,33.68,33.31,NA,33.01,33.54,34.92,40.13,42.08,42.88,42.36,39.89,39.93,40.85,40.13,39.19,39.64,40.72,44.61,43.06,39.35,37.15,36.55,34.56,33.05
02/11/2016,33.01,32.61,32.44,NA,32.28,33.32,35.1,39,42.59,41.96,40.01,39,38.62,38.94,38.85,38.58,39.22,41.81,47.52,46.06,41.79,39.98,38.45,37,35.67
03/11/2016,35.89,35.66,35.6,NA,35.87,37.05,39.91,46.1,52.94,56.06,50.11,46.86,47.63,47.86,47.77,47.68,48.51,56,59.99,56.03,47.71,42.91,39.78,38.05,36.77
04/11/2016,37.09,36.09,35.88,NA,36.07,37.28,38.81,40.66,45.65,47.52,47.52,45.02,44.84,44.57,44.03,43.15,44.52,46.3,47.87,46.23,41.89,39.69,38.99,37.9,35.96
05/11/2016,37.28,37.07,36.77,NA,36.38,36.41,36.81,37.4,38.12,38.96,39.89,41.16,41.64,41.11,39.82,39.35,39.13,41.63,43.34,42.52,39.92,38.86,38.77,37.68,36.1
06/11/2016,35.58,34.93,35.03,NA,34.14,34.14,34.57,35.28,36.94,37.73,38.44,39.26,40.59,39.89,39.18,39.3,39.72,41.71,43.72,43.69,41.67,39.76,39.19,38.04,30.23
07/11/2016,34.1,33.65,33.87,NA,34.24,35.82,39.72,44.33,47.95,49.01,49.01,45.54,44.94,47.72,47.82,48.05,51.76,57.04,66.43,59.26,47.95,44.65,42.3,40.17,38.98
08/11/2016,38.39,37.55,37.06,NA,37.15,38.85,41.87,47.92,61.65,63.79,62.35,57.55,57.58,57.09,58.09,60.08,66.28,84.92,104.96,70.03,55.07,45.23,43.5,40.98,38.89
09/11/2016,38.29,37.61,37.03,NA,37.05,38.49,41.97,47.57,54.73,56.56,54.43,50.91,53.86,54.48,54.25,52.97,54.11,63.74,80.36,62.43,57.1,48.22,44.39,41.92,39.49
10/11/2016,38.76,38.29,37.9,NA,38.27,39.38,43.58,50.62,55.76,60.36,59.98,58.52,59.93,61.1,65.01,61.72,65.08,75.06,100.57,69.54,58.79,49.71,44.63,42.6,39.23
11/11/2016,39.73,39.17,38.98,NA,39.19,40.33,45.77,53.27,89.07,99.93,89.88,60.04,57.31,56.28,54.42,51.7,52.98,59.34,74.91,56.94,54.9,45.79,44.42,44.5,41.27
12/11/2016,41.2,39.25,38.51,NA,38.55,39.3,41.76,43.41,42.62,43.25,44.67,45.4,44.4,42.99,42.79,42.33,44.06,47.03,51.33,48.2,44.73,42.68,42.09,41.35,38.6
13/11/2016,38.55,36.4,35.27,NA,35.3,36,36.83,38.44,38.65,40.35,41.72,41.99,42.47,41.98,41.95,42.16,43.5,45.84,48.02,47.13,44.61,42.93,42.36,40.28,38.18
14/11/2016,37.79,36.01,35.13,NA,36.66,39.3,41.04,45,48.97,48.64,45.51,43.94,44.56,44.42,44.53,44.53,45.55,47.17,49.1,45.85,43.95,41.62,40.82,39.21,37.12
15/11/2016,34.13,33.48,33.17,NA,33.3,34.75,38.39,41.52,44.61,45.02,45.04,43.52,43.58,44.21,44.44,43.6,45.09,45.5,46.97,45.11,42.93,40.66,39.46,38.64,36.27
16/11/2016,35.55,34.98,34.5,NA,34.79,37.41,40.19,45.22,50.67,52.23,49.95,44.09,44.28,45.29,44.98,45.25,48.78,48.68,47.72,45.82,42.23,39.62,39.07,38.04,34.95
17/11/2016,31.59,31.01,30.84,NA,31.39,32.7,37.01,41.01,44.45,44.44,44.2,42.27,42.85,43.71,42.69,42.95,44.29,44.48,45.34,44.44,42.31,40.21,39.04,37.62,34.86
18/11/2016,33.04,32.05,30.74,NA,31.02,32.43,35.61,38.32,41.68,41.98,41.9,40.14,39.74,40.41,39.79,39.44,39.71,40.49,40.96,40.19,37.85,36.71,35.54,34.49,32.52
19/11/2016,29.87,28.65,27.98,NA,27.18,28.42,29.58,32.56,34.12,36.06,36.61,37.2,37.17,36.68,36.33,36.44,37.77,40.44,41.31,39.81,38.14,36.52,35.7,34.04,33.05
20/11/2016,32.98,32.18,31.08,NA,32.08,32.38,32.77,34,35.33,36.65,37.52,38.56,38.53,38.02,37.51,37.08,38.34,39.32,39.75,38.81,37.22,36.21,35.03,33.82,29.41
21/11/2016,13.56,8.81,9.79,NA,11.01,28.69,34.44,38.71,42.57,42.98,41.76,40.16,40.62,41.7,42.27,42.63,43.41,43.65,44.02,42.38,40.05,37.82,36.24,34.88,33.17
22/11/2016,32.94,30.59,29.5,NA,30.42,32.84,35.12,40.86,41.89,42.4,41.9,41.08,41.44,41.68,41.76,42.62,44.22,46.14,46.12,44.18,41.61,40.46,37.84,36.28,34.8
23/11/2016,33.78,33.11,32.8,NA,32.08,33.54,34.72,39.94,42.29,44.01,43.07,42.04,42.32,42.77,43.09,43.05,44.27,46.23,52.2,44.08,41.83,38.99,37.14,35.8,33.99
24/11/2016,32.66,31.61,30.8,NA,29.58,30.52,33.85,37.39,42.22,44.04,43.88,42.64,43.11,42.87,42.55,42.77,44.26,49.36,50.97,45.23,42.8,39.37,38.35,35.88,34.43
25/11/2016,34.7,33.8,33.08,NA,32.89,33.98,35.71,40.02,45.06,48.49,47.97,47.42,47.09,47.95,46.8,46.77,47.64,48.76,54.75,48,37.16,35.08,34.75,34.39,32.97
26/11/2016,31.72,30.13,29.63,NA,29.02,28.32,29.47,31.55,32.58,33.26,33.91,34.12,34.09,33.74,33.27,33.87,34.75,36.14,36.19,35.72,34.26,32.91,32.75,31.72,28.26
27/11/2016,22.92,21.14,20.25,NA,20.28,20.95,27,28.71,29.69,32.12,33.19,34.24,34.99,34.44,33.44,33.53,34.2,36.28,36.94,36.34,35.22,34.69,33.43,32.9,32.32
28/11/2016,27.06,28.24,26.66,NA,27.94,32.49,33.9,39.61,46.22,45.86,43.95,40.4,43.53,41,44.14,45.77,51.38,57.21,65.11,51.42,42.93,42.05,38.35,36.14,34.59
29/11/2016,35.4,34.81,33.98,NA,33.88,34.89,36.75,41.03,45.08,50.29,45.4,42.64,41.19,40.42,40.74,40.79,41.4,44.24,43.5,40.84,38.41,36.58,35.03,32.9,30.38
30/11/2016,27.75,27.36,27.02,NA,25.3,28.04,31.51,34.97,39.08,39.44,38.53,36.94,37.91,37.42,36.87,38.44,38.74,41.41,41.82,39.95,38.6,35.94,34.51,33.1,31.13
01/12/2016,31.38,14.95,11.95,NA,10.27,11.29,34.36,38.79,40.88,42.82,39.42,38.98,38.37,38.85,38.43,38.32,39,40.51,39.92,38.34,36.97,35.25,33.95,32.43,8.94
02/12/2016,7.23,7.2,6.07,NA,8.79,28.29,33,36.31,41.62,42.07,40.08,38.79,38.83,39.3,40.07,40.25,41.48,43.59,43.85,42.3,38.85,38.26,38.41,36.76,34.87
03/12/2016,33.68,33.11,33.71,NA,33.49,33.63,33.67,36.24,36.14,38.07,39.44,39.17,38.22,37.32,37.07,38.74,40.48,43.73,44.06,42.57,40.04,38.99,39.75,39.62,36.57
04/12/2016,35.6,33.9,34.22,NA,34.28,33.75,33.75,33.85,33.92,35.08,36.28,36.15,36.33,35.27,34.32,34.23,35.65,38.36,38.29,37.84,36.49,35.14,34.43,33.44,32.21
05/12/2016,31.79,31.23,30.96,NA,30.94,31.49,32.76,36.91,39.04,38.97,38.14,37.67,37.61,38,38.54,38.92,40.75,42.56,42.33,41.02,38.64,37.58,35.97,33.87,32.89
06/12/2016,32.46,32.69,33.1,NA,34.44,36.82,39.16,45.95,74.73,80.09,74.18,64.8,57.57,55.4,56.72,62.08,66.31,72.97,89.25,80.73,47.78,44.92,38.87,36.8,33.77
07/12/2016,31.94,31.17,30.81,NA,30.66,30.97,32.43,37.09,40.61,45,38.28,37.82,37.95,38.43,38.19,38.17,40.08,41.04,40.69,38.45,36.03,34.14,32.19,30.85,27.03
08/12/2016,22.46,13.7,11.57,NA,11.79,13.33,17.94,29.81,33.11,33.63,33.88,32.84,32.01,31.35,31.93,32.68,33.43,33.97,33.92,32.49,31.95,31.93,30.7,29.9,27.27
09/12/2016,27.1,25.56,25.12,NA,25.52,26.86,27.55,29.21,33.58,34.09,34.02,33.49,32.61,32,31.75,33.54,34,35.31,35.82,35.59,33.88,32.81,31.68,30.06,28.54
10/12/2016,27.8,24.02,23.95,NA,20.3,20.55,23.25,23.08,28.69,29.8,32.29,33.07,33.77,33,33.15,33.82,34.32,35.91,36.05,35.58,34.5,33.51,33.58,32.91,31.03
11/12/2016,30.58,28.44,28.95,NA,28.08,27.56,28.63,29.18,30.45,31.09,32.81,33.9,34.21,33.38,32.92,32.95,34.22,34.97,35,34.91,34.04,32.94,32,31.02,25.92
12/12/2016,28.53,28.82,28.24,NA,27.49,29.35,32.92,38.43,55.99,47.93,47.6,44.88,45.42,43.15,43.73,45.76,53.11,68.56,78.69,59.92,42.94,37.6,36.08,34.22,32.53
13/12/2016,31.31,30.83,30.8,NA,30.87,31.78,32.84,36.08,43.57,48.8,44.41,44.03,44.09,44.04,44.08,44.05,45.37,51.59,48.72,43.51,35.75,34.74,33.79,31.93,31.17
14/12/2016,31.1,30.72,30.39,NA,30.89,31.31,33.24,35.98,41.25,49.52,43.61,43.63,45.07,48.12,48.71,48.57,56.18,73.35,74.56,55.84,45.15,40.42,36.03,34.59,33.64
15/12/2016,32.61,31.59,31.64,NA,31.7,33.7,34.76,39.59,65.06,57.1,45.6,45.24,45.08,48.15,53.64,53.68,58.79,60.56,68.35,57.54,44.82,35.76,34.65,33.39,31.55
16/12/2016,31.46,31.07,30.97,NA,31.03,32.24,35.2,44.65,57.04,58.07,50.09,48.54,49.41,55.6,56.17,52.65,61.9,67.8,71.79,53.57,48.69,38.82,37.67,35.57,34.71
17/12/2016,34.83,33.9,33,NA,31.64,32.25,33.72,34.03,33.66,34.89,36.79,38.83,39.29,36.75,34.73,35,36.81,44.26,42.61,36.85,35.55,33.67,33.57,32.08,30.54
18/12/2016,29.73,28.8,28.78,NA,28.67,29.01,29.71,30.16,30.75,31.31,33.37,34.48,34.94,34.86,34.84,34.51,35.15,40.16,47.47,45.1,38.18,35.43,34.36,33.58,30.97
19/12/2016,30.55,30.27,30.18,NA,30.26,30.74,31.67,34.62,39.39,42.02,37.48,37.47,34.7,37.47,38.87,38.82,40.09,61.86,67.67,44.06,34.25,33.45,32.67,31.39,30.52
20/12/2016,29.62,28.94,28.57,NA,28.79,29.74,30.43,33.11,43.79,53.42,53.43,50.66,43.03,43,50.68,48.15,49.36,56.43,64.74,57.05,44.03,33.02,31.36,30.46,29.32
21/12/2016,28.18,27.8,27.33,NA,27.76,28.73,29.7,36.09,46.97,49.97,46.27,46.9,43.96,39.53,39.38,41.97,47.95,47.95,48.95,30.67,30.27,29.8,29.65,29.04,27.84
22/12/2016,26.29,25.9,26.07,NA,26.32,27.95,28.96,29.69,39.04,40.51,42.11,42.58,49.01,50.17,49.71,43.11,45.69,55.34,53.15,35.02,29.87,29.5,29.22,28.62,27.36
23/12/2016,24.45,22.08,18.71,NA,22.01,25.09,27,28.32,29.29,29.9,29.7,29.54,29.34,29.35,29.18,29.13,29.24,29.38,29.29,28.95,28.52,28.09,27.84,27.26,7.82
24/12/2016,10.38,-9.65,-9.65,NA,-4.02,0,8.59,3.97,8.69,22.2,20.36,21,20.02,18.04,15.3,22.85,26.61,27.19,25.62,23.8,2.16,2.93,0.11,8.31,-12.05
25/12/2016,-18.07,-36.1,-38.78,NA,-26.87,-15.06,-12.1,-15.05,-4.02,0.1,10.6,13.49,13.67,8.76,0.13,-0.1,0.08,8.67,13.63,10.7,8.98,10.67,9.94,10.02,-2.95
26/12/2016,0.04,-9.92,-14.9,NA,-16.09,-15.05,-40.2,-26.28,-15.08,-15.01,-3.08,0.11,5.87,1.05,-6.71,-13.31,-6.74,-2.98,8.78,9.68,10.69,8.32,-0.91,4.39,-13.34
27/12/2016,-13,-24.92,-40.18,NA,-53.62,-50.19,-23.36,-12.07,8.77,27.92,28.04,28.14,16.07,28.42,28.53,28.68,28.88,29.58,29.76,29.69,29.45,29.21,28.5,27.01,24.72
28/12/2016,21.8,21.28,22.1,NA,20.28,23.01,28.78,30,32.07,33.93,33.44,33.01,33.36,33.8,34.21,35.01,36.41,42.3,46.54,38.59,33.13,31.85,30.73,30.02,29.36
29/12/2016,29.31,28.79,28.33,NA,28.35,29.02,29.94,30.68,31.08,32.11,31.53,31.04,31.06,31.63,31.11,31.08,31.8,32.56,36,31.25,30.5,30.2,29.98,29.43,28.73
30/12/2016,27.08,26.15,25.2,NA,25.24,26.44,28.32,29.4,29.97,30.14,30.23,30.21,30.17,30.08,29.99,29.96,30.14,30.39,30.34,30.15,30.18,29.5,28.87,27.64,25.03
31/12/2016,21.87,14.12,9.99,NA,4.28,4.04,17.31,21.43,25.09,26.22,26.84,27.9,27.95,27.73,27.16,27.85,29.11,29.5,29.58,29.23,27.82,27.16,26.57,26.21,25.95
